{"cameraMode":{"drawMode":0,"name":"Shaded","section":"Shading Mode"},"sceneLighting":true,"audioPlay":false,"sceneViewState":{"showFog":true,"showMaterialUpdate":false,"showSkybox":true,"showFlares":true,"showImageEffects":true,"showParticleSystems":true},"in2DMode":false,"pivot":{"x":-99.8214340209961,"y":33.79670333862305,"z":-40.820655822753909},"rotation":{"x":-0.00905829481780529,"y":0.8081333637237549,"z":-0.012340803630650044,"w":-0.5888410806655884},"size":106.97699737548828,"orthographic":false}